[
  {
    "id": 1,
    "question": "أين يمكنني بيع مكيفات مستعملة في الدمام بأفضل سعر؟",
    "answer": "نحن نشتري جميع أنواع المكيفات المستعملة في الدمام والخبر والقطيف بأسعار تنافسية، سواء كانت سبليت أو شباك أو مركزي، كما نقدم خدمة نقل مجانية. خبراء في تقييم المكيفات المستعملة حسب الحالة والماركة."
  },
  {
    "id": 2,
    "question": "كيف يتم تحديد سعر شراء مكيفات سكراب في المنطقة الشرقية؟",
    "answer": "يتم تقييم سعر مكيفات السكراب في الدمام والخبر والجبيل بناء على: 1) نوع المعدن (نحاس، ألمنيوم) 2) وزن الوحدة 3) حالة الضاغط 4) أسعار السوق اليومية. نضمن لكم تقييماً عادلاً من قبل فنيين متخصصين."
  },
  {
    "id": 3,
    "question": "هل تشترون أثاث مستعمل مع المكيفات في الخبر والدمام؟",
    "answer": "نعم، نقدم خدمة متكاملة لشراء الأثاث المستعمل والمكيفات القديمة في الخبر والدمام والقطيف. نشتري: غرف النوم، الكنب، الثلاجات، وأجهزة التكييف بجميع أنواعها مع التحميل المجاني."
  },
  {
    "id": 4,
    "question": "ما هي المناطق التي تخدمونها لشراء السكراب في الأحساء والجبيل؟",
    "answer": "نغطي جميع مدن المنطقة الشرقية: الدمام (المدينة الصناعية، الشاطئ) - الخبر (الراكة، الحزام الذهبي) - القطيف (صفوى، سيهات) - الجبيل الصناعية - الأحساء (الهفوف، المبرز) مع فريق نقل متخصص."
  },
  {
    "id": 5,
    "question": "ما هي شروط شراء المكيفات التالفة في القطيف والأحساء؟",
    "answer": "نشتري المكيفات التالفة في القطيف والأحساء بكل حالاتها: 1) وحدات لا تعمل 2) مكيفات تحتاج صيانة 3) قطع غيار سكراب 4) مخلفات التكييف المركزي. فقط اتصل وسنقيمها فوراً."
  },
  {
    "id": 6,
    "question": "كيف تتم عملية بيع سكراب المنزل بالكامل في الجبيل؟",
    "answer": "خدمتنا في الجبيل تشمل: 1) معاينة مجانية 2) فرز السكراب (حديد، ألمنيوم، نحاس) 3) وزن دقيق بالميزان المعتمد 4) إخلاء الموقع 5) دفع نقدي فوري. متخصصون في شراء مخلفات المصانع والمنازل."
  },
  {
    "id": 7,
    "question": "لماذا نختاركم لشراء المكيفات المستعملة في الخبر؟",
    "answer": "نتميز بـ: 1) أسعار أعلى من السوق 2) فريق فني لتفكيك الوحدات 3) رخصية مزاولة النشاط 4) تقارير وزن معتمدة 5) خدمة 24 ساعة في الخبر والدمام. خبرة 10 سنوات في شراء السكراب والمكيفات المستعملة."
  },
  {
    "id": 8,
    "question": "ما هي أفضل أوقات بيع سكراب المكيفات في المنطقة الشرقية؟",
    "answer": "أوقات الذروة لبيع المكيفات المستعملة: 1) نهاية الصيف 2) قبل الرحيل 3) بعد الصيانة الدورية 4) تجديد المباني. نقدم عروضاً مميزة لكميات السكراب الكبيرة في الدمام، الخبر، القطيف، الجبيل على مدار السنة."
  }
]
